,timestamp,pm1,pm25,pm10,lat,long
0,2021-08-11 18:30:59,1,2,2,47.648215,-122.33565466666668
1,2021-08-11 18:31:02,2,3,3,47.64819,-122.33560216666666
2,2021-08-11 18:31:15,2,2,2,47.6480745,-122.33547266666666
3,2021-08-11 18:31:17,1,2,2,47.6480625,-122.33543633333332
4,2021-08-11 18:31:30,0,1,1,47.647864,-122.33512033333334
5,2021-08-11 18:31:33,0,1,1,47.6478455,-122.3350235
6,2021-08-11 18:31:46,0,1,1,47.6480455,-122.3350475
7,2021-08-11 18:31:48,0,1,1,47.648073833333335,-122.3350665
8,2021-08-11 18:32:01,2,3,3,47.64827516666666,-122.33515133333331
9,2021-08-11 18:32:04,1,2,2,47.64829683333333,-122.335154
10,2021-08-11 18:32:17,2,2,3,47.648250833333336,-122.335225
11,2021-08-11 18:32:20,2,3,3,47.6482295,-122.33525266666666
12,2021-08-11 18:32:35,1,2,2,47.6488115,-122.335389
13,2021-08-11 18:36:51,2,3,3,47.648023,-122.33507383333334
14,2021-08-11 18:37:06,2,3,3,47.64810533333333,-122.33504
15,2021-08-11 18:37:22,2,3,3,47.64810066666666,-122.334995
16,2021-08-11 18:37:53,3,3,3,47.648266,-122.33505966666668
17,2021-08-11 18:38:08,2,3,3,47.648342166666666,-122.33517483333333
18,2021-08-11 18:38:24,1,1,1,47.64827966666667,-122.33524866666669
19,2021-08-11 18:38:40,0,0,0,47.64819766666667,-122.335264
20,2021-08-11 18:38:55,0,1,1,47.64831916666667,-122.3351885
21,2021-08-11 18:39:11,2,2,2,47.6483945,-122.33513033333334
22,2021-08-11 18:39:27,1,3,3,47.64853266666667,-122.33518016666666
23,2021-08-11 18:39:42,1,2,2,47.648622,-122.33527516666666
24,2021-08-11 18:39:58,1,1,1,47.64845233333333,-122.33523316666668
25,2021-08-11 18:40:29,2,2,2,47.64838666666667,-122.33515216666666
26,2021-08-11 18:40:44,2,2,2,47.6485335,-122.33509916666668
27,2021-08-11 18:41:00,2,3,3,47.64845416666667,-122.335097
28,2021-08-11 18:41:15,2,4,4,47.6483865,-122.3350495
29,2021-08-11 18:41:31,2,3,3,47.648348,-122.3350195
30,2021-08-11 18:41:46,1,2,2,47.648369,-122.33497466666668
31,2021-08-11 18:42:02,1,2,2,47.64835516666667,-122.334979
32,2021-08-11 18:42:17,1,2,2,47.6483835,-122.334757
33,2021-08-11 18:42:33,1,2,2,47.648180833333335,-122.33477516666666
34,2021-08-11 18:42:48,1,2,2,47.64802,-122.334859
35,2021-08-12 11:00:45,6,8,8,47.64844166666666,-122.335738
36,2021-08-12 11:01:01,5,9,10,47.648422,-122.3356285
37,2021-08-12 11:01:17,6,9,9,47.64840783333333,-122.335545
38,2021-08-12 11:01:33,7,10,10,47.648379166666665,-122.335489
39,2021-08-12 11:01:49,7,9,9,47.648382,-122.33550266666668
40,2021-08-12 11:02:04,6,7,8,47.648378,-122.335525
41,2021-08-12 11:02:20,6,8,8,47.6483765,-122.33555366666668
42,2021-08-12 11:02:36,6,9,9,47.64836233333333,-122.33552033333332
43,2021-08-12 11:02:52,6,9,9,47.6483505,-122.33546816666669
44,2021-08-12 11:03:08,5,8,8,47.64834166666667,-122.3354455
45,2021-08-12 11:03:24,5,9,9,47.64833633333333,-122.335442
46,2021-08-12 11:03:40,5,8,10,47.64834333333334,-122.3354125
47,2021-08-12 11:03:55,6,8,8,47.64834416666667,-122.335389
48,2021-08-12 11:04:11,6,8,9,47.6483385,-122.33539316666666
49,2021-08-12 11:04:27,6,10,11,47.648327,-122.33530633333334
50,2021-08-12 11:04:42,5,8,8,47.64832533333333,-122.3352855
51,2021-08-12 11:04:58,5,7,8,47.64833183333333,-122.335263
52,2021-08-12 11:05:14,7,10,10,47.648340833333336,-122.3352545
53,2021-08-12 11:05:29,5,8,9,47.6483425,-122.33522883333332
54,2021-08-12 11:05:45,6,9,10,47.64834966666667,-122.33523466666666
55,2021-08-12 11:06:01,6,8,9,47.64835,-122.335213
56,2021-08-12 11:06:17,6,9,10,47.648346333333336,-122.3352035
57,2021-08-12 11:06:32,6,8,9,47.6483495,-122.3352285
58,2021-08-12 11:06:48,6,8,8,47.6483535,-122.33526033333334
59,2021-08-12 11:07:04,7,11,12,47.648356666666665,-122.33528516666668
60,2021-08-12 11:07:20,7,12,12,47.64836016666667,-122.33530433333334
61,2021-08-12 11:07:36,7,10,10,47.648350666666666,-122.33528583333332
62,2021-08-12 11:07:52,6,9,10,47.6483495,-122.33531333333332
63,2021-08-12 11:08:07,7,11,11,47.6483395,-122.335312
64,2021-08-12 11:08:23,7,10,11,47.648348166666665,-122.3353585
65,2021-08-12 11:08:38,7,10,11,47.648347666666666,-122.33534133333332
66,2021-08-12 11:09:10,7,10,10,47.648354833333336,-122.335326
67,2021-08-12 11:09:26,7,10,11,47.6483755,-122.33539216666668
68,2021-08-12 11:09:42,7,9,10,47.64839533333333,-122.33545183333334
69,2021-08-12 11:09:58,7,8,8,47.64840316666667,-122.33546916666668
70,2021-08-12 11:10:13,7,9,9,47.64840066666667,-122.33546
71,2021-08-12 11:10:29,6,9,10,47.648401,-122.33546433333332
72,2021-08-12 11:10:44,6,8,8,47.648422,-122.33555916666668
73,2021-08-12 11:11:00,6,9,9,47.64841933333334,-122.33558316666668
74,2021-08-12 11:11:15,6,9,9,47.6484035,-122.3355445
75,2021-08-12 11:11:31,5,9,9,47.64835283333333,-122.335342
76,2021-08-12 11:11:47,7,10,10,47.6483635,-122.33537283333334
77,2021-08-12 11:12:02,6,9,9,47.648411,-122.33554166666669
78,2021-08-12 11:12:18,7,10,11,47.648453833333335,-122.3357025
79,2021-08-12 11:12:34,7,8,10,47.64848116666667,-122.33578983333334
80,2021-08-12 11:12:49,7,9,9,47.64848583333333,-122.33578466666668
81,2021-08-12 11:13:05,6,8,8,47.648484833333335,-122.335769
82,2021-08-12 11:13:20,7,10,11,47.64848166666667,-122.3357635
83,2021-08-12 11:13:36,6,8,9,47.648456,-122.335666
84,2021-08-12 11:13:52,7,10,11,47.64841233333333,-122.3355005
85,2021-08-12 11:14:08,6,10,10,47.6483925,-122.33542116666666
86,2021-08-12 11:14:40,6,9,9,47.648391833333335,-122.335408
87,2021-08-12 11:14:55,7,9,9,47.64838533333333,-122.33536816666668
88,2021-08-12 11:15:11,7,10,10,47.6483815,-122.33535583333334
89,2021-08-12 11:15:27,6,8,8,47.648379166666665,-122.33535783333332
90,2021-08-12 11:15:42,6,9,9,47.64838116666667,-122.33537433333332
91,2021-08-12 11:15:58,7,9,9,47.648382833333336,-122.335404
92,2021-08-12 11:16:14,8,10,11,47.64837283333333,-122.33536
93,2021-08-12 11:16:29,8,10,11,47.64836533333333,-122.33534066666668
94,2021-08-12 11:16:45,6,8,8,47.648355,-122.3353175
95,2021-08-12 11:17:01,6,8,8,47.6483705,-122.33537883333334
96,2021-08-12 11:17:16,7,10,10,47.64836616666667,-122.33538033333332
97,2021-08-12 11:17:32,8,11,12,47.64834733333333,-122.33532783333334
98,2021-08-12 11:17:47,8,10,10,47.64833933333333,-122.33525933333334
99,2021-08-12 11:18:04,8,9,9,47.64833016666667,-122.33524516666668
100,2021-08-12 11:18:19,7,9,9,47.648345166666665,-122.33534533333334
101,2021-08-12 11:18:35,6,8,8,47.6483305,-122.33533233333333
102,2021-08-12 11:18:50,5,7,7,47.648334166666665,-122.33536333333332
103,2021-08-12 11:19:06,6,8,8,47.6483405,-122.33535733333332
104,2021-08-12 11:19:22,6,9,9,47.648336666666665,-122.33534783333332
105,2021-08-12 11:19:38,7,9,9,47.64835033333333,-122.3353695
106,2021-08-12 11:19:53,8,10,10,47.6483235,-122.33530966666666
107,2021-08-12 11:20:09,6,8,8,47.64829966666667,-122.33527033333333
108,2021-08-12 11:20:24,8,11,11,47.648297,-122.33527083333334
109,2021-08-12 11:20:40,7,9,10,47.64831016666667,-122.3353055
110,2021-08-12 11:20:55,5,8,8,47.64832316666666,-122.335324
111,2021-08-12 11:21:11,7,10,10,47.648334166666665,-122.3353405
112,2021-08-12 11:21:27,7,8,8,47.64832783333333,-122.33531916666666
113,2021-08-12 11:21:43,7,8,8,47.64833216666667,-122.33534483333334
114,2021-08-12 11:21:58,6,9,9,47.6483455,-122.33536666666669
115,2021-08-12 11:22:14,7,8,8,47.64836316666667,-122.33540883333332
116,2021-08-12 11:22:29,6,8,8,47.6483615,-122.33539166666668
117,2021-08-12 11:22:45,7,9,9,47.64835516666667,-122.33541266666668
118,2021-08-12 11:23:00,7,10,10,47.648335,-122.33533283333334
119,2021-08-12 11:23:16,7,10,10,47.648327,-122.33529
120,2021-08-12 11:23:32,7,11,12,47.648345,-122.33533933333334
121,2021-08-12 11:23:48,7,11,11,47.648353666666665,-122.335354
122,2021-08-12 11:24:03,8,11,11,47.648345166666665,-122.33532283333334
123,2021-08-12 11:24:20,7,10,11,47.64833866666667,-122.33528016666666
124,2021-08-12 11:24:35,6,9,9,47.648331166666665,-122.33526716666668
125,2021-08-12 11:24:51,6,9,9,47.648333,-122.3352965
126,2021-08-12 11:25:06,5,9,9,47.648339666666665,-122.33528816666669
127,2021-08-12 11:25:23,5,8,9,47.648368,-122.3353835
128,2021-08-12 11:25:39,7,9,10,47.64840266666667,-122.33552083333332
129,2021-08-12 11:25:55,7,9,10,47.64840866666667,-122.3355835
130,2021-08-12 11:26:11,6,9,9,47.64837833333333,-122.335461
131,2021-08-12 11:26:27,6,8,8,47.6483485,-122.33532233333334
132,2021-08-12 11:26:43,8,10,10,47.648345166666665,-122.3353105
133,2021-08-12 11:26:58,7,10,11,47.64835333333333,-122.33530583333334
134,2021-08-12 11:27:15,6,10,10,47.64834016666666,-122.33527533333331
135,2021-08-12 11:27:30,6,8,8,47.64832183333333,-122.335239
136,2021-08-12 11:27:47,7,9,9,47.64831266666667,-122.3351965
137,2021-08-12 11:28:03,8,9,9,47.64831566666667,-122.33518866666668
138,2021-08-12 11:28:19,8,9,9,47.6483245,-122.33520283333333
139,2021-08-12 11:28:35,6,8,9,47.64834166666667,-122.33525166666666
140,2021-08-12 11:28:51,6,7,7,47.648329833333335,-122.335209
141,2021-08-12 11:29:07,6,8,8,47.648311,-122.33513666666668
142,2021-08-12 11:29:22,6,9,10,47.6483065,-122.33510033333332
143,2021-08-12 11:29:39,7,11,13,47.64831466666666,-122.3350305
144,2021-08-12 11:29:55,8,11,11,47.64831266666667,-122.334982
145,2021-08-12 11:30:11,5,7,7,47.6482975,-122.33494066666668
146,2021-08-12 11:30:27,7,9,11,47.6483035,-122.3349885
147,2021-08-12 11:30:43,7,10,12,47.648307,-122.334975
148,2021-08-12 11:30:59,8,10,10,47.648302666666666,-122.33496733333334
149,2021-08-12 11:31:15,6,11,11,47.648278,-122.33486516666666
150,2021-08-12 11:31:31,5,9,9,47.64826033333333,-122.33478933333332
151,2021-08-12 11:31:47,7,9,9,47.648283,-122.33490433333333
152,2021-08-12 11:32:02,8,11,12,47.648307,-122.33502316666667
153,2021-08-12 11:32:19,7,11,11,47.64831333333333,-122.3350725
154,2021-08-12 11:32:35,6,8,8,47.64831216666666,-122.3350765
155,2021-08-12 11:32:52,6,9,9,47.64832333333333,-122.33515483333332
156,2021-08-12 11:33:08,7,9,9,47.64833333333333,-122.33518633333334
157,2021-08-12 11:33:23,7,8,8,47.64832733333333,-122.33513083333334
158,2021-08-12 11:33:40,8,9,9,47.6483245,-122.33510583333332
159,2021-08-12 11:34:12,7,9,9,47.648341333333335,-122.33520416666668
160,2021-08-12 11:34:28,8,9,10,47.64833583333333,-122.33521216666666
161,2021-08-12 11:34:44,7,10,11,47.6483315,-122.33520633333332
162,2021-08-12 11:35:00,5,9,9,47.64832883333333,-122.33520783333331
163,2021-08-12 11:35:16,6,10,10,47.64832616666666,-122.3351965
164,2021-08-12 11:35:32,7,10,10,47.6483445,-122.335215
165,2021-08-12 11:35:48,9,12,12,47.648357833333336,-122.33518983333332
166,2021-08-12 11:36:04,8,10,10,47.64838016666667,-122.3352765
167,2021-08-12 11:36:19,7,10,10,47.64839666666666,-122.3353335
168,2021-08-12 11:36:36,6,8,8,47.64841833333333,-122.33539383333331
169,2021-08-12 11:37:08,5,8,8,47.648431,-122.33536666666669
170,2021-08-12 11:37:24,6,10,11,47.648427833333336,-122.33533833333334
171,2021-08-12 11:37:57,8,11,11,47.6484075,-122.33533333333334
172,2021-08-12 11:38:13,8,11,11,47.648401,-122.33529616666668
173,2021-08-12 11:38:29,6,9,9,47.648392666666666,-122.3352695
174,2021-08-12 11:39:01,8,10,11,47.648395666666666,-122.33527316666668
175,2021-08-12 11:39:16,7,9,10,47.64839933333333,-122.33527516666666
176,2021-08-12 11:39:49,6,10,10,47.64840566666667,-122.33528583333332
177,2021-08-12 11:40:05,7,10,11,47.6484065,-122.335277
178,2021-08-12 11:40:22,8,10,11,47.648405,-122.33526366666666
179,2021-08-12 11:40:37,8,10,10,47.648410166666665,-122.33530216666666
180,2021-08-12 11:40:54,8,10,10,47.648405833333335,-122.33533366666668
181,2021-08-12 11:41:10,8,11,11,47.64838933333333,-122.3352845
182,2021-08-12 11:41:26,7,10,11,47.64837533333333,-122.335176
183,2021-08-12 11:41:43,7,9,10,47.648373,-122.33517683333334
184,2021-08-12 11:41:58,7,8,9,47.6483805,-122.33518166666668
185,2021-08-12 11:42:15,7,9,9,47.64839083333333,-122.335215
186,2021-08-12 11:42:47,8,11,11,47.6483705,-122.3351435
187,2021-08-12 11:43:03,8,10,10,47.64838116666667,-122.33521183333332
188,2021-08-12 11:43:19,9,11,11,47.648388,-122.33527516666666
189,2021-08-12 11:43:35,9,11,11,47.64839716666667,-122.3353145
190,2021-08-12 11:43:50,6,9,9,47.6484115,-122.33535433333331
191,2021-08-12 11:44:07,7,10,11,47.64842383333333,-122.33542016666668
192,2021-08-12 11:44:23,7,10,11,47.64840216666666,-122.33533783333333
193,2021-08-12 11:44:40,8,11,11,47.64839366666666,-122.33530533333334
194,2021-08-12 11:44:56,8,11,12,47.648397,-122.33530166666668
195,2021-08-12 11:45:11,8,10,11,47.64839933333333,-122.3352965
196,2021-08-12 11:45:28,6,9,9,47.64841483333333,-122.33533883333334
197,2021-08-12 11:45:44,6,10,10,47.6484215,-122.33538466666668
198,2021-08-12 11:46:01,6,8,8,47.64837416666667,-122.33531733333334
199,2021-08-12 11:46:17,7,9,9,47.648354,-122.33530266666666
200,2021-08-12 11:46:33,6,9,9,47.6483465,-122.335301
201,2021-08-12 11:46:49,7,9,9,47.64833816666667,-122.33530316666666
202,2021-08-12 11:47:04,7,10,10,47.64834433333333,-122.335328
203,2021-08-12 11:47:21,7,10,11,47.648349333333336,-122.33533833333334
204,2021-08-12 11:47:37,7,12,13,47.648345166666665,-122.33530566666668
205,2021-08-12 11:47:54,6,9,10,47.648343,-122.335279
206,2021-08-12 11:48:10,8,11,11,47.6483345,-122.33522516666666
207,2021-08-12 11:48:25,9,12,12,47.648319,-122.3351535
208,2021-08-12 11:48:42,10,12,12,47.648328166666666,-122.33519333333334
209,2021-08-12 11:48:58,8,11,13,47.64833166666666,-122.33520766666666
210,2021-08-12 11:49:14,7,11,15,47.648336666666665,-122.33521733333332
211,2021-08-12 11:49:30,7,11,15,47.64835216666667,-122.33526633333334
212,2021-08-12 11:49:46,9,12,13,47.64838133333333,-122.3353585
213,2021-08-12 11:50:02,10,12,12,47.648393166666665,-122.33538416666669
214,2021-08-12 11:50:18,9,11,11,47.6484,-122.3354115
215,2021-08-12 11:50:35,8,10,10,47.64838833333334,-122.33538683333332
216,2021-08-12 11:50:51,7,9,10,47.64836716666667,-122.33530116666668
217,2021-08-12 11:51:24,8,11,11,47.6483505,-122.33522083333334
218,2021-08-12 11:51:40,7,10,10,47.64836616666667,-122.33526916666666
219,2021-08-12 11:51:57,8,11,11,47.64838616666667,-122.33532916666668
220,2021-08-12 11:52:13,7,10,11,47.64839683333334,-122.3353705
221,2021-08-12 11:52:29,8,11,11,47.64841616666666,-122.33545733333334
222,2021-08-12 11:52:45,8,11,11,47.64845366666667,-122.33560966666668
223,2021-08-12 11:53:01,7,9,9,47.648393166666665,-122.33537983333332
224,2021-08-12 11:53:18,9,11,12,47.648362,-122.33524233333333
225,2021-08-12 11:53:34,10,13,13,47.64833816666667,-122.33514216666669
226,2021-08-12 11:53:50,9,13,13,47.648346833333335,-122.33517683333334
227,2021-08-12 11:54:06,8,11,11,47.64835016666667,-122.33518533333331
228,2021-08-12 11:54:22,8,11,11,47.64834066666667,-122.33513416666666
229,2021-08-12 11:54:39,8,11,12,47.6483805,-122.3352835
230,2021-08-12 11:54:55,8,11,11,47.648393,-122.3353455
231,2021-08-12 11:55:11,8,10,12,47.648428,-122.33548216666668
232,2021-08-12 11:55:27,9,12,14,47.6484025,-122.3353905
233,2021-08-12 11:55:43,7,10,10,47.64836433333333,-122.335262
234,2021-08-12 11:56:00,8,10,10,47.64839283333333,-122.33538333333334
235,2021-08-12 11:56:16,9,11,12,47.64841333333333,-122.3354805
236,2021-08-12 11:56:49,9,12,12,47.648397,-122.3354115
237,2021-08-12 11:57:05,7,10,10,47.64838683333333,-122.33536633333334
238,2021-08-12 11:57:22,9,11,11,47.64833866666667,-122.33517
239,2021-08-12 11:57:38,9,12,13,47.64842483333334,-122.33546433333332
240,2021-08-12 11:57:54,8,10,11,47.6484525,-122.3355545
241,2021-08-12 11:58:11,10,12,12,47.6484335,-122.33546983333332
242,2021-08-12 11:58:27,8,11,11,47.6484225,-122.33541833333334
243,2021-08-12 11:58:44,8,11,11,47.64838266666667,-122.3352915
244,2021-08-12 11:59:00,8,9,10,47.64838016666667,-122.33530433333334
245,2021-08-12 11:59:15,8,10,10,47.648384,-122.33533933333334
246,2021-08-12 11:59:32,9,13,14,47.648391,-122.33536
247,2021-08-12 11:59:48,9,13,13,47.648401666666665,-122.33539516666669
248,2021-08-12 12:00:05,8,11,11,47.64840366666667,-122.33540216666668
249,2021-08-12 12:00:21,8,11,11,47.64839,-122.33534333333331
250,2021-08-12 12:00:36,8,11,11,47.648388833333335,-122.335348
251,2021-08-12 12:00:53,8,12,12,47.64838933333333,-122.33533166666666
252,2021-08-12 12:01:09,8,12,13,47.64838016666667,-122.3352725
253,2021-08-12 12:01:26,8,11,12,47.648375,-122.335256
254,2021-08-12 12:01:42,8,10,10,47.64835033333333,-122.3351955
255,2021-08-12 12:01:57,8,11,11,47.64836066666667,-122.335249
256,2021-08-12 12:02:14,8,9,9,47.64835383333333,-122.33524516666668
257,2021-08-12 12:02:30,8,11,11,47.64834666666667,-122.33523
258,2021-08-12 12:02:47,8,12,12,47.64833433333333,-122.33520666666666
259,2021-08-12 12:03:03,8,11,11,47.648347666666666,-122.33522366666666
260,2021-08-12 12:03:36,7,9,9,47.64838016666667,-122.3353055
261,2021-08-12 12:03:52,10,13,13,47.648398,-122.33534833333331
262,2021-08-12 12:04:09,8,11,12,47.64841883333333,-122.33539533333334
263,2021-08-12 12:04:25,8,11,11,47.6484415,-122.33544733333332
264,2021-08-12 12:04:58,8,10,11,47.648426,-122.33539416666666
265,2021-08-12 12:05:14,7,9,9,47.64841466666667,-122.33537733333333
266,2021-08-12 12:05:31,7,14,14,47.6483835,-122.33532283333334
267,2021-08-12 12:05:47,8,12,13,47.648369333333335,-122.33528833333334
268,2021-08-12 12:06:03,8,11,12,47.64837366666666,-122.33530116666668
269,2021-08-12 12:06:19,8,10,11,47.648368,-122.33529133333332
270,2021-08-12 12:06:36,9,11,11,47.6483595,-122.33527216666668
271,2021-08-12 12:06:52,10,13,13,47.6483725,-122.3352925
272,2021-08-12 12:07:09,9,13,13,47.648410166666665,-122.33537733333333
273,2021-08-12 12:07:25,8,10,10,47.648389,-122.33529833333333
274,2021-08-12 12:07:41,9,11,11,47.648413833333336,-122.33537333333334
275,2021-08-12 12:07:57,9,11,11,47.64842866666667,-122.33540433333332
276,2021-08-12 12:08:30,11,14,15,47.648421166666665,-122.33534
277,2021-08-12 12:08:46,10,13,15,47.64844216666667,-122.33542066666666
278,2021-08-12 12:09:02,10,13,13,47.6484445,-122.33543233333332
279,2021-08-12 12:09:18,10,14,14,47.648431333333335,-122.33541083333331
280,2021-08-12 12:09:34,10,13,13,47.6484225,-122.33540033333334
281,2021-08-12 12:09:51,11,13,13,47.64842883333333,-122.33541516666666
282,2021-08-12 12:10:07,10,14,15,47.64842733333333,-122.33539883333331
283,2021-08-12 12:10:23,10,14,15,47.64841766666667,-122.33537816666669
284,2021-08-12 12:10:40,10,13,14,47.64840766666666,-122.335359
285,2021-08-12 12:10:56,11,13,14,47.64840783333333,-122.33536966666668
286,2021-08-12 12:11:13,10,12,13,47.6484015,-122.335366
287,2021-08-12 12:11:29,10,13,13,47.648407166666665,-122.33536866666668
288,2021-08-12 12:11:45,10,13,13,47.648413,-122.33539
289,2021-08-12 12:12:02,8,11,11,47.64842566666667,-122.33543683333332
290,2021-08-12 12:12:18,10,14,14,47.648412666666665,-122.33543333333331
291,2021-08-12 12:12:34,10,15,15,47.6483825,-122.335374
292,2021-08-12 12:12:51,9,13,14,47.648355333333335,-122.335331
293,2021-08-12 12:13:07,9,15,16,47.648345166666665,-122.33532216666669
294,2021-08-12 12:13:24,9,13,15,47.648349,-122.3353415
295,2021-08-12 12:13:40,9,12,13,47.648349,-122.3353375
296,2021-08-12 12:13:55,9,13,15,47.64835983333333,-122.33536716666669
297,2021-08-12 12:14:12,10,15,16,47.64837116666666,-122.3353815
298,2021-08-12 12:14:45,10,14,15,47.64838483333333,-122.33540533333333
299,2021-08-12 12:15:01,11,13,15,47.648417333333335,-122.33545216666668
300,2021-08-12 12:15:17,10,12,14,47.648395,-122.33542716666666
301,2021-08-12 12:15:34,10,13,14,47.648392666666666,-122.33544316666666
302,2021-08-12 12:15:50,9,13,13,47.64837883333333,-122.33538283333333
303,2021-08-12 12:16:06,10,14,14,47.648384666666665,-122.33535083333334
304,2021-08-12 12:16:23,11,16,16,47.64838316666667,-122.33531216666668
305,2021-08-12 12:16:39,12,16,17,47.64839933333333,-122.3353565
306,2021-08-12 12:16:56,11,14,15,47.64841183333333,-122.3353785
307,2021-08-12 12:17:46,9,12,12,47.648406,-122.33536266666668
308,2021-08-12 12:18:02,12,17,17,47.648394333333336,-122.3353315
309,2021-08-12 12:18:18,12,16,17,47.64837433333334,-122.33528983333332
310,2021-08-12 12:18:35,10,14,15,47.64837716666667,-122.33532283333334
311,2021-08-12 12:18:51,11,16,17,47.648394333333336,-122.33539616666668
312,2021-08-12 12:19:08,11,14,14,47.64839766666667,-122.33541966666668
313,2021-08-12 12:19:24,10,12,12,47.648406,-122.33541833333334
314,2021-08-12 12:19:41,11,14,14,47.648405333333336,-122.33538683333332
315,2021-08-12 12:19:57,10,13,13,47.64841916666666,-122.33541166666669
316,2021-08-12 12:20:14,10,13,13,47.6484235,-122.335439
317,2021-08-12 12:20:30,11,15,16,47.6484155,-122.33543216666666
318,2021-08-12 12:20:46,13,16,17,47.6484005,-122.33539566666668
319,2021-08-12 12:21:03,12,15,15,47.648374833333335,-122.3353335
320,2021-08-12 12:21:19,10,14,15,47.64835266666667,-122.33529083333332
321,2021-08-12 12:21:35,12,16,17,47.64834466666667,-122.3352445
322,2021-08-12 12:21:52,13,18,18,47.64834566666666,-122.335221
323,2021-08-12 12:22:08,12,15,16,47.64834466666667,-122.3352035
324,2021-08-12 12:22:25,12,16,16,47.64835566666667,-122.33522083333334
325,2021-08-12 12:22:41,13,16,17,47.648365,-122.335264
326,2021-08-12 12:22:57,12,15,15,47.6483825,-122.33528983333332
327,2021-08-12 12:23:14,11,14,14,47.64839383333333,-122.33529216666666
328,2021-08-12 12:23:30,12,15,16,47.6483965,-122.33527816666668
329,2021-08-12 12:23:46,13,17,17,47.6483905,-122.33525933333334
330,2021-08-12 12:24:03,10,14,14,47.64837883333333,-122.33524933333334
331,2021-08-12 12:24:19,11,15,15,47.64836966666667,-122.33524966666668
332,2021-08-12 12:24:36,11,14,14,47.64838216666666,-122.33528466666668
333,2021-08-12 12:24:53,13,17,17,47.64838483333333,-122.3353095
334,2021-08-12 12:25:10,12,17,17,47.64838483333333,-122.33534316666666
335,2021-08-12 12:25:26,14,19,20,47.6483805,-122.335344
336,2021-08-12 12:25:42,13,16,17,47.64837216666667,-122.33533283333334
337,2021-08-12 12:25:59,12,16,16,47.64835416666666,-122.3353055
338,2021-08-12 12:26:16,11,15,17,47.648352,-122.33531383333332
339,2021-08-12 12:26:32,12,17,18,47.64835183333334,-122.33533866666669
340,2021-08-12 12:26:49,11,17,17,47.64833583333333,-122.33534916666666
341,2021-08-12 12:27:05,10,15,17,47.6483375,-122.33537316666668
342,2021-08-12 12:27:21,13,16,17,47.64834666666667,-122.3353945
343,2021-08-12 12:27:38,11,18,19,47.64834583333333,-122.33537866666668
344,2021-08-12 12:27:54,13,19,21,47.648338,-122.3353615
345,2021-08-12 12:28:10,11,13,14,47.64832716666667,-122.33535283333332
346,2021-08-12 12:28:26,11,15,15,47.648319,-122.33532033333331
347,2021-08-12 12:28:43,13,20,20,47.64830883333333,-122.33530566666668
348,2021-08-12 12:28:59,15,20,20,47.64830083333333,-122.335301
349,2021-08-12 12:29:16,14,18,19,47.64831333333333,-122.3352985
350,2021-08-12 12:29:32,14,18,19,47.64832116666667,-122.33528566666666
351,2021-08-12 12:29:48,13,19,20,47.64833216666667,-122.33526783333332
352,2021-08-12 12:30:05,14,19,20,47.64834316666666,-122.33527383333332
353,2021-08-12 12:30:22,14,20,20,47.648352,-122.33531866666668
354,2021-08-12 12:30:55,13,16,16,47.64838016666667,-122.33540683333334
355,2021-08-12 12:31:12,13,17,18,47.64837116666666,-122.33540166666668
356,2021-08-12 12:31:29,14,21,21,47.64835283333333,-122.33538
357,2021-08-12 12:31:45,14,19,19,47.64834666666667,-122.33538783333331
358,2021-08-12 12:32:02,14,18,18,47.64835383333333,-122.33538333333334
359,2021-08-12 12:32:18,13,18,18,47.64834716666667,-122.33536266666668
360,2021-08-12 12:32:35,14,19,19,47.6483485,-122.335359
361,2021-08-12 12:32:51,15,22,22,47.64835883333333,-122.33538183333332
362,2021-08-12 12:33:08,14,19,20,47.6483625,-122.33537933333334
363,2021-08-12 12:33:24,14,18,19,47.64835683333333,-122.33536016666666
364,2021-08-12 12:33:40,13,18,18,47.648352333333335,-122.33535066666668
365,2021-08-12 12:34:14,16,21,24,47.648363333333336,-122.335252
366,2021-08-12 12:34:30,14,20,24,47.648364,-122.33523366666668
367,2021-08-12 12:34:47,15,21,21,47.64837416666667,-122.33526166666668
368,2021-08-12 12:35:04,15,20,21,47.64837266666667,-122.33525966666669
369,2021-08-12 12:35:20,15,20,20,47.6483755,-122.33526683333334
370,2021-08-12 12:35:36,15,20,20,47.64838733333333,-122.3352985
371,2021-08-12 12:35:53,15,20,20,47.64838383333333,-122.3353205
372,2021-08-12 12:36:09,15,20,21,47.64837633333333,-122.33530783333332
373,2021-08-12 12:36:26,17,22,23,47.64837266666667,-122.335304
374,2021-08-12 12:36:42,16,20,21,47.64836266666666,-122.335287
375,2021-08-12 12:36:58,15,20,21,47.6483775,-122.33529316666667
376,2021-08-12 12:37:15,13,20,20,47.64842933333333,-122.33539266666666
377,2021-08-12 12:37:31,16,24,24,47.64845033333334,-122.33540216666668
378,2021-08-12 12:37:48,14,22,22,47.64844133333333,-122.33538
379,2021-08-12 12:38:04,16,24,25,47.648460666666665,-122.335405
380,2021-08-12 12:38:20,14,23,26,47.64846433333334,-122.335403
381,2021-08-12 12:38:36,15,22,24,47.64847916666667,-122.33546766666667
382,2021-08-12 12:38:53,16,20,20,47.648476,-122.3354815
383,2021-08-12 12:39:10,16,20,20,47.64846266666667,-122.33547183333332
384,2021-08-12 12:39:26,15,20,21,47.64845816666666,-122.33547033333332
385,2021-08-12 12:39:43,16,21,23,47.648481833333335,-122.33551116666666
386,2021-08-12 12:39:59,14,21,22,47.648487,-122.33551533333332
387,2021-08-12 12:40:15,17,24,25,47.64847483333333,-122.33548916666666
388,2021-08-12 12:40:33,17,24,25,47.648453833333335,-122.33545533333331
389,2021-08-12 12:40:49,15,22,22,47.6484385,-122.33544216666668
390,2021-08-12 12:41:05,15,22,22,47.64843533333333,-122.33545083333334
391,2021-08-12 12:41:22,17,24,25,47.64841366666667,-122.33543766666666
392,2021-08-12 12:41:39,15,21,23,47.64840266666667,-122.33541066666666
393,2021-08-12 12:41:55,16,22,25,47.64839533333333,-122.33539683333332
394,2021-08-12 12:42:12,16,22,23,47.64839,-122.33540233333332
395,2021-08-12 12:42:28,16,21,22,47.64839916666666,-122.33542016666668
396,2021-08-12 12:42:44,13,18,18,47.64841216666667,-122.3354055
397,2021-08-12 12:43:02,14,18,18,47.64844216666667,-122.33544283333332
398,2021-08-12 12:43:18,16,20,20,47.6484355,-122.33537433333332
399,2021-08-12 12:43:35,14,18,20,47.64841116666667,-122.33535566666669
400,2021-08-12 12:44:09,15,21,22,47.64841216666667,-122.33538666666666
401,2021-08-12 12:44:25,14,20,20,47.6484275,-122.335412
402,2021-08-12 12:44:42,14,18,18,47.64843183333333,-122.3354235
403,2021-08-12 12:44:58,15,19,19,47.64843233333333,-122.33542233333333
404,2021-08-12 12:45:15,14,20,22,47.6484305,-122.33541366666668
405,2021-08-12 12:45:32,15,23,23,47.6484285,-122.33539816666666
406,2021-08-12 12:45:48,14,21,21,47.648422833333335,-122.33537166666666
407,2021-08-12 12:46:05,14,19,20,47.64841333333333,-122.3353695
408,2021-08-12 12:46:22,14,19,21,47.64841083333334,-122.3353605
409,2021-08-12 12:46:38,15,21,21,47.648426666666666,-122.33537433333332
410,2021-08-12 12:46:55,15,20,20,47.6484285,-122.33541316666668
411,2021-08-12 12:47:12,13,20,21,47.6484165,-122.33541866666668
412,2021-08-12 12:47:28,14,20,21,47.648404166666666,-122.33542633333332
413,2021-08-12 12:47:44,17,24,25,47.64838616666667,-122.33542733333331
414,2021-08-12 12:48:02,15,19,20,47.6483775,-122.33541433333332
415,2021-08-12 12:48:19,14,19,21,47.64837166666667,-122.33539816666666
416,2021-08-12 12:48:35,16,22,23,47.648371833333336,-122.3353785
417,2021-08-12 12:48:52,16,23,23,47.64838683333333,-122.33536966666668
418,2021-08-12 12:49:09,15,22,23,47.64838616666667,-122.33539016666668
419,2021-08-12 12:49:25,15,20,22,47.64838066666667,-122.3354085
420,2021-08-12 12:49:42,15,19,20,47.6483775,-122.3354285
421,2021-08-12 12:49:58,16,21,22,47.648377833333335,-122.33546566666666
422,2021-08-12 12:50:16,16,21,22,47.64838483333333,-122.33546033333332
423,2021-08-12 12:50:32,15,19,20,47.64838933333333,-122.33544883333332
424,2021-08-12 12:50:48,18,24,26,47.64840516666667,-122.33544716666668
425,2021-08-12 12:51:05,19,23,26,47.64841783333333,-122.33545433333332
426,2021-08-12 12:51:21,16,20,20,47.648412,-122.33545433333332
427,2021-08-12 12:51:38,14,21,21,47.64838266666667,-122.335421
428,2021-08-12 12:51:55,17,22,23,47.64837,-122.335393
429,2021-08-12 12:52:11,16,22,24,47.64836483333333,-122.335382
430,2021-08-12 12:52:28,19,24,25,47.6484025,-122.335475
431,2021-08-12 12:52:45,17,21,22,47.6484235,-122.3355225
432,2021-08-12 12:53:02,18,26,27,47.64841716666667,-122.3354925
433,2021-08-12 12:53:18,17,24,26,47.64841233333333,-122.33548983333333
434,2021-08-12 12:53:35,17,24,24,47.648413,-122.3354855
435,2021-08-12 12:53:52,18,23,24,47.648405333333336,-122.33547216666666
436,2021-08-12 12:54:08,17,25,27,47.6484005,-122.33548483333334
437,2021-08-12 12:54:24,17,23,26,47.64839516666667,-122.335459
438,2021-08-12 12:54:41,17,22,23,47.64838383333333,-122.33541566666666
439,2021-08-12 12:54:57,18,25,26,47.648382,-122.33539616666668
440,2021-08-12 12:55:14,20,25,25,47.648391833333335,-122.33542366666668
441,2021-08-12 12:55:31,16,23,23,47.64838933333333,-122.33542983333334
442,2021-08-12 12:55:47,17,23,24,47.6483805,-122.33545583333331
443,2021-08-12 12:56:03,16,21,21,47.64839883333333,-122.3355485
444,2021-08-12 12:56:20,17,24,26,47.648408333333336,-122.3355795
445,2021-08-12 12:56:37,20,26,27,47.648426,-122.33561566666668
446,2021-08-12 12:56:54,16,23,24,47.64841616666666,-122.3355835
447,2021-08-12 12:57:11,17,24,24,47.6483925,-122.33552983333334
448,2021-08-12 12:57:27,18,24,24,47.64837666666666,-122.3354945
449,2021-08-12 12:57:44,17,23,24,47.64836916666667,-122.33540216666668
450,2021-08-12 12:58:01,16,22,23,47.648358,-122.33529983333334
451,2021-08-12 12:58:17,16,22,24,47.64836366666667,-122.33528833333334
452,2021-08-12 12:58:34,19,24,26,47.648373,-122.33529616666668
453,2021-08-12 12:58:51,20,27,27,47.64838083333333,-122.33529866666667
454,2021-08-12 12:59:08,20,26,28,47.648367666666665,-122.3352735
455,2021-08-12 12:59:24,20,28,29,47.64836016666667,-122.33522216666668
456,2021-08-12 12:59:41,21,29,29,47.6483785,-122.3352575
457,2021-08-12 12:59:58,20,30,33,47.6483815,-122.335186
458,2021-08-12 13:00:15,20,30,31,47.64836966666667,-122.33513966666666
459,2021-08-12 13:00:31,20,30,30,47.64836916666667,-122.33515683333331
460,2021-08-12 13:00:48,20,27,28,47.6483765,-122.3351885
461,2021-08-12 13:01:04,20,30,32,47.648376,-122.33520066666668
462,2021-08-12 13:01:21,21,29,29,47.64839216666667,-122.33522083333334
463,2021-08-12 13:01:38,20,30,32,47.648411333333335,-122.3352465
464,2021-08-12 13:01:54,20,29,29,47.648422,-122.33527283333332
465,2021-08-12 13:02:11,20,26,26,47.648392,-122.33525016666668
466,2021-08-12 13:02:28,18,25,26,47.64836016666667,-122.335229
467,2021-08-12 13:02:45,20,28,30,47.648356666666665,-122.33527533333331
468,2021-08-12 13:03:01,20,27,29,47.64838366666667,-122.33539583333334
469,2021-08-12 13:03:18,20,29,31,47.6484085,-122.335462
470,2021-08-12 13:03:34,18,25,26,47.648415,-122.33548666666668
471,2021-08-12 13:03:52,20,26,27,47.64840633333333,-122.33551466666668
472,2021-08-12 13:04:26,21,29,29,47.64837283333333,-122.3353775
473,2021-08-12 13:04:42,22,31,33,47.64837633333333,-122.33533666666666
474,2021-08-12 13:04:59,19,29,31,47.64837966666666,-122.33530066666668
475,2021-08-12 13:05:33,19,28,29,47.6484105,-122.33538416666669
476,2021-08-12 13:05:50,20,31,32,47.648415,-122.33539016666668
477,2021-08-12 13:06:07,20,30,30,47.64841466666667,-122.33538933333334
478,2021-08-12 13:06:24,21,29,29,47.64840233333334,-122.3353545
479,2021-08-12 13:06:41,21,30,32,47.64838733333333,-122.335321
480,2021-08-12 13:06:57,22,32,35,47.648377333333336,-122.33531433333332
481,2021-08-12 13:07:14,20,30,30,47.6483825,-122.33535416666666
482,2021-08-12 13:07:32,22,30,31,47.64839083333333,-122.335396
483,2021-08-12 13:08:05,21,30,31,47.64841883333333,-122.335414
484,2021-08-12 13:08:22,21,28,29,47.6484135,-122.33540133333334
485,2021-08-12 13:08:39,22,30,31,47.64837816666667,-122.33536466666666
486,2021-08-12 13:08:56,22,31,33,47.64837033333333,-122.3353795
487,2021-08-12 13:09:12,21,30,30,47.648381666666666,-122.33542983333334
488,2021-08-12 13:09:29,22,31,32,47.64839783333333,-122.33545833333334
489,2021-08-12 13:09:46,22,31,33,47.64839516666667,-122.33542783333333
490,2021-08-12 13:10:03,22,31,35,47.648387,-122.335354
491,2021-08-12 13:10:19,23,32,36,47.648381666666666,-122.33532383333332
492,2021-08-12 13:10:36,22,32,35,47.64838133333333,-122.3353285
493,2021-08-12 13:10:53,23,35,40,47.64837966666666,-122.33531866666668
494,2021-08-12 13:11:10,23,34,39,47.64838133333333,-122.3353285
495,2021-08-12 13:11:26,24,34,37,47.648366333333335,-122.33532466666666
496,2021-08-12 13:11:43,25,35,41,47.64836583333334,-122.33534166666666
497,2021-08-12 13:12:00,24,35,42,47.648370666666665,-122.335408
498,2021-08-12 13:12:17,24,36,42,47.6483715,-122.33540016666667
499,2021-08-12 13:12:33,26,39,47,47.648374,-122.33539166666668
500,2021-08-12 13:12:50,23,35,39,47.648386333333335,-122.335387
501,2021-08-12 13:13:07,26,35,44,47.64840933333333,-122.3354395
502,2021-08-12 13:13:24,26,36,41,47.64842616666667,-122.335498
503,2021-08-12 13:13:41,23,33,38,47.64844,-122.33561883333331
504,2021-08-12 13:13:58,23,33,37,47.64844266666667,-122.33559733333334
505,2021-08-12 13:14:15,24,33,37,47.648453,-122.33557283333332
506,2021-08-12 13:14:32,24,36,41,47.64846833333333,-122.335628
507,2021-08-12 13:14:49,22,32,36,47.648465,-122.33560833333334
508,2021-08-12 13:15:05,23,33,37,47.648429,-122.33548266666666
509,2021-08-12 13:15:22,23,34,38,47.64839783333333,-122.33536633333334
510,2021-08-12 13:15:39,23,35,40,47.648390166666665,-122.3353175
511,2021-08-12 13:15:56,25,36,42,47.648384,-122.33526333333332
512,2021-08-12 13:16:13,26,36,41,47.64838183333333,-122.33523266666668
513,2021-08-12 13:16:30,26,37,43,47.64838016666667,-122.335225
514,2021-08-12 13:16:46,26,38,45,47.64838433333333,-122.335242
515,2021-08-12 13:17:03,25,38,44,47.648400333333335,-122.33534083333332
516,2021-08-12 13:17:20,26,38,43,47.64842016666667,-122.335403
517,2021-08-12 13:17:36,25,36,40,47.648423666666666,-122.33547033333332
518,2021-08-12 13:17:53,25,36,41,47.648413,-122.33546933333334
519,2021-08-12 13:18:11,26,35,39,47.64840783333333,-122.33547766666666
520,2021-08-12 13:18:28,24,35,40,47.648412,-122.33551683333332
521,2021-08-12 13:18:45,25,35,42,47.6484105,-122.33551183333331
522,2021-08-12 13:19:01,26,35,39,47.648422,-122.335522
523,2021-08-12 13:19:18,25,35,41,47.6484155,-122.33547383333334
524,2021-08-12 13:19:35,26,36,42,47.64841533333333,-122.33543983333334
525,2021-08-12 13:19:51,26,37,43,47.6484075,-122.33539366666666
526,2021-08-12 13:20:08,26,38,43,47.648404,-122.335374
527,2021-08-12 13:20:25,25,34,38,47.64840733333333,-122.3353825
528,2021-08-12 13:20:42,25,34,38,47.64842016666667,-122.335396
529,2021-08-12 13:20:58,25,35,42,47.648429666666665,-122.33541116666666
530,2021-08-12 13:21:15,26,36,44,47.648436333333336,-122.33541433333332
531,2021-08-12 13:21:32,27,40,47,47.6484265,-122.3354145
532,2021-08-12 13:21:49,25,38,44,47.64841166666667,-122.3353905
533,2021-08-12 13:22:06,26,38,45,47.64841666666667,-122.33540433333332
534,2021-08-12 13:22:22,24,36,42,47.64841766666667,-122.33537416666668
535,2021-08-12 13:22:39,20,30,31,47.64843033333333,-122.33540366666666
536,2021-08-12 13:22:56,18,24,24,47.6484225,-122.33534783333332
537,2021-08-12 13:23:13,16,22,23,47.64841666666667,-122.33528016666666
538,2021-08-12 13:23:29,15,21,22,47.64840933333333,-122.33527266666668
539,2021-08-12 13:23:46,13,17,17,47.64841866666666,-122.3354165
540,2021-08-12 13:24:03,14,19,19,47.648436833333335,-122.33551933333334
541,2021-08-12 13:24:20,14,21,21,47.6484605,-122.3356905
542,2021-08-12 13:24:36,15,20,21,47.64844766666667,-122.33565316666666
543,2021-08-12 13:24:53,13,17,17,47.648451,-122.33566116666668
544,2021-08-12 13:25:09,13,16,16,47.64843533333333,-122.33556833333331
545,2021-08-12 13:25:25,13,17,17,47.6484085,-122.33544216666668
546,2021-08-12 13:25:43,14,18,18,47.64840483333333,-122.33538366666669
547,2021-08-12 13:26:00,13,17,17,47.64838966666667,-122.335339
548,2021-08-12 13:26:16,13,17,18,47.6483735,-122.33531066666669
549,2021-08-12 13:26:34,14,17,17,47.648315833333335,-122.33515166666666
550,2021-08-12 13:26:52,15,20,21,47.64828133333334,-122.335044
551,2021-08-12 13:27:09,14,21,21,47.6482905,-122.33502466666668
552,2021-08-12 13:27:26,13,18,20,47.648318333333336,-122.33507233333331
553,2021-08-12 13:27:42,15,20,21,47.648342,-122.33514183333334
554,2021-08-12 13:27:59,14,20,20,47.6483605,-122.33521516666669
555,2021-08-12 13:28:17,14,18,19,47.64836966666667,-122.335266
556,2021-08-12 13:28:34,15,19,20,47.6483725,-122.33532216666669
557,2021-08-12 13:28:50,13,17,18,47.64837533333333,-122.33536466666666
558,2021-08-12 13:29:07,15,20,21,47.648377833333335,-122.335358
559,2021-08-12 13:29:25,14,20,20,47.648342,-122.33522783333332
560,2021-08-12 13:29:42,14,17,17,47.648337,-122.33523533333332
561,2021-08-12 13:29:58,14,19,19,47.648331,-122.3352425
562,2021-08-12 13:30:16,14,19,20,47.648336666666665,-122.33528983333332
563,2021-08-12 13:30:33,15,21,21,47.6483465,-122.3353315
564,2021-08-12 13:30:50,16,24,25,47.64832866666666,-122.33534083333332
565,2021-08-12 13:31:06,17,22,23,47.64835083333333,-122.33533566666668
566,2021-08-12 13:31:24,16,21,23,47.648353166666666,-122.3352965
567,2021-08-12 13:31:41,16,20,20,47.64834433333333,-122.3352425
568,2021-08-12 13:31:57,16,22,24,47.6483265,-122.335247
569,2021-08-12 13:32:14,16,21,23,47.64834183333333,-122.335251
570,2021-08-12 13:32:31,16,21,22,47.64834533333333,-122.33525466666669
571,2021-08-12 13:32:48,17,23,24,47.64833333333333,-122.3353175
572,2021-08-12 13:33:04,17,23,23,47.64833266666667,-122.3353565
573,2021-08-12 13:33:22,17,23,24,47.648350666666666,-122.33541533333332
574,2021-08-12 13:33:39,14,20,20,47.648370666666665,-122.33544216666668
575,2021-08-12 13:33:56,14,20,20,47.6483785,-122.33540633333334
576,2021-08-12 13:34:13,15,21,22,47.648394,-122.33542183333331
577,2021-08-12 13:34:29,12,17,20,47.64839066666666,-122.33536716666669
578,2021-08-12 13:34:46,14,18,20,47.64839283333333,-122.33535533333334
579,2021-08-12 13:35:04,13,19,19,47.64837983333334,-122.33533183333331
580,2021-08-12 13:35:21,14,20,20,47.6483785,-122.33530483333334
581,2021-08-12 13:35:37,14,20,21,47.64837266666667,-122.33527233333334
582,2021-08-12 13:35:54,15,19,20,47.64836233333333,-122.33522683333334
583,2021-08-12 13:36:12,15,18,18,47.64836116666667,-122.33522866666668
584,2021-08-12 13:36:29,15,19,19,47.64834366666667,-122.33518066666667
585,2021-08-12 13:36:45,15,19,20,47.6483195,-122.33508183333332
586,2021-08-12 13:37:02,16,20,20,47.648315,-122.33502133333332
587,2021-08-12 13:37:19,13,17,21,47.6483115,-122.33502733333331
588,2021-08-12 13:37:36,13,17,19,47.6482835,-122.33500133333334
589,2021-08-12 13:37:53,12,18,19,47.6482745,-122.33498616666668
590,2021-08-12 13:38:28,13,17,17,47.64828966666666,-122.3350075
591,2021-08-12 13:38:45,11,17,18,47.64831516666667,-122.33513316666668
592,2021-08-12 13:39:02,13,18,19,47.64835866666667,-122.33528466666668
593,2021-08-12 13:39:18,14,18,18,47.64839166666667,-122.3353885
594,2021-08-12 13:39:35,12,16,17,47.648404166666666,-122.33539016666668
595,2021-08-12 13:39:53,13,17,17,47.6484105,-122.3353785
596,2021-08-12 13:40:09,14,20,20,47.648404166666666,-122.33533466666668
597,2021-08-12 13:40:26,13,20,23,47.648364666666666,-122.33510383333332
598,2021-08-12 13:40:43,13,18,18,47.648304,-122.3349155
599,2021-08-12 13:41:01,13,15,16,47.648279333333335,-122.334829
600,2021-08-12 13:41:18,17,20,20,47.6483085,-122.334929
601,2021-08-12 13:41:34,16,20,20,47.64831983333333,-122.33497366666668
602,2021-08-12 13:42:09,12,19,20,47.64833166666666,-122.33509383333332
603,2021-08-12 13:42:26,14,21,22,47.64832116666667,-122.3351285
604,2021-08-12 13:42:42,15,20,20,47.64832233333333,-122.335138
605,2021-08-12 13:42:59,15,20,20,47.648329833333335,-122.33514783333334
606,2021-08-12 13:43:17,14,19,20,47.64831916666667,-122.33510466666668
607,2021-08-12 13:43:33,14,20,21,47.64831066666667,-122.335031
608,2021-08-12 13:43:49,15,22,22,47.648316666666666,-122.3350265
609,2021-08-12 13:44:07,15,19,19,47.64832,-122.335027
610,2021-08-12 13:44:24,14,20,21,47.648326833333336,-122.335022
611,2021-08-12 13:44:42,14,19,20,47.6483215,-122.335016
612,2021-08-12 13:44:59,14,18,19,47.64832583333333,-122.335059
613,2021-08-12 13:45:16,13,17,18,47.64833,-122.3350675
614,2021-08-12 13:45:33,13,17,18,47.6483355,-122.33507566666668
615,2021-08-12 13:45:51,13,17,18,47.648340833333336,-122.335118
616,2021-08-12 13:46:07,12,16,16,47.648359,-122.33520133333332
617,2021-08-12 13:46:23,13,18,19,47.648344,-122.335234
618,2021-08-12 13:46:41,14,18,18,47.64834366666667,-122.33530616666668
619,2021-08-12 13:46:58,11,15,16,47.648351,-122.33536333333332
620,2021-08-12 13:47:14,11,16,18,47.648348,-122.33534733333332
621,2021-08-12 13:47:32,10,14,14,47.6483495,-122.33533666666666
622,2021-08-12 13:47:49,11,14,14,47.64835216666667,-122.33533433333334
623,2021-08-12 13:48:06,12,17,18,47.64834883333333,-122.33527516666666
624,2021-08-12 13:48:40,14,20,21,47.64832466666667,-122.33519233333334
625,2021-08-12 13:48:58,14,19,20,47.64832366666667,-122.33519933333334
626,2021-08-12 13:49:15,13,18,20,47.64832216666667,-122.335184
627,2021-08-12 13:49:31,12,17,19,47.6483335,-122.33520733333332
628,2021-08-12 13:49:49,10,15,15,47.64835566666667,-122.33528133333331
629,2021-08-12 13:50:05,13,18,18,47.64836433333333,-122.3353215
630,2021-08-12 13:50:23,12,17,17,47.648369333333335,-122.3353375
631,2021-08-12 13:50:40,12,18,19,47.64837216666667,-122.3353245
632,2021-08-12 13:50:56,13,19,20,47.64837383333333,-122.33531016666667
633,2021-08-12 13:51:14,14,20,20,47.64836416666667,-122.33526233333332
634,2021-08-12 13:51:32,12,16,16,47.6483885,-122.335338
635,2021-08-12 13:51:49,11,16,16,47.648409,-122.33538716666666
636,2021-08-12 13:52:05,14,20,22,47.64841333333333,-122.33538783333331
637,2021-08-12 13:52:22,15,21,23,47.64840733333333,-122.33536066666667
638,2021-08-12 13:52:41,16,22,24,47.64839783333333,-122.33533366666668
639,2021-08-12 13:52:58,14,19,19,47.64839533333333,-122.335343
640,2021-08-12 13:53:14,18,23,23,47.6483975,-122.335346
641,2021-08-12 13:53:31,16,20,21,47.64840466666666,-122.33536216666668
642,2021-08-12 13:53:49,14,20,20,47.64841933333334,-122.33540516666666
643,2021-08-12 13:54:06,14,20,20,47.6484385,-122.33545316666668
644,2021-08-12 13:54:22,13,17,19,47.64843316666666,-122.33542933333334
645,2021-08-12 13:54:39,12,15,17,47.648434,-122.33545933333332
646,2021-08-12 13:54:57,11,15,16,47.64845683333333,-122.33560833333334
647,2021-08-12 13:55:14,12,15,16,47.64845616666667,-122.335594
648,2021-08-12 13:55:30,12,17,18,47.648446666666665,-122.33554733333334
649,2021-08-12 13:55:48,14,20,21,47.64843716666667,-122.3355065
650,2021-08-12 13:56:05,12,18,19,47.6484355,-122.33548066666668
651,2021-08-12 13:56:23,13,17,17,47.64843,-122.33544133333334
652,2021-08-12 13:56:40,12,17,19,47.64842266666667,-122.33543133333332
653,2021-08-12 13:56:57,11,16,16,47.64841616666666,-122.335418
654,2021-08-12 13:57:14,10,14,15,47.64841533333333,-122.3354135
655,2021-08-12 13:57:32,12,16,18,47.648411333333335,-122.33539683333332
656,2021-08-12 13:57:49,12,17,18,47.648406,-122.33538133333332
657,2021-08-12 13:58:06,11,15,15,47.6484055,-122.335379
658,2021-08-12 13:58:23,12,16,16,47.64841316666666,-122.33538016666668
659,2021-08-12 13:58:40,13,16,16,47.648422833333335,-122.33539283333332
660,2021-08-12 13:58:58,12,16,17,47.648433,-122.33543133333332
661,2021-08-12 13:59:15,13,17,17,47.648441166666665,-122.335467
662,2021-08-12 13:59:32,16,21,22,47.6484415,-122.33547733333332
663,2021-08-12 14:00:07,15,20,21,47.648445333333335,-122.33551683333332
664,2021-08-12 14:00:24,15,22,23,47.648449,-122.33553933333332
665,2021-08-12 14:00:42,13,20,20,47.64845066666667,-122.335547
666,2021-08-12 14:00:59,14,18,19,47.64844866666667,-122.33554433333332
667,2021-08-12 14:01:15,14,18,18,47.648443666666665,-122.33553683333334
668,2021-08-12 14:01:33,14,19,20,47.6484325,-122.33549966666666
669,2021-08-12 14:01:50,12,18,18,47.648424,-122.33547216666666
670,2021-08-12 14:02:08,13,18,18,47.648415166666666,-122.33542533333332
671,2021-08-12 14:02:25,15,24,26,47.64840916666667,-122.335397
672,2021-08-12 14:02:43,14,19,19,47.64840566666667,-122.33539216666668
673,2021-08-12 14:03:00,16,19,19,47.64840083333333,-122.3353815
674,2021-08-12 14:03:17,14,17,17,47.648391,-122.3353095
675,2021-08-12 14:03:34,14,17,17,47.648384666666665,-122.33526533333334
676,2021-08-12 14:03:52,13,17,17,47.648384166666666,-122.3352435
677,2021-08-12 14:04:09,14,18,18,47.64838916666667,-122.33526333333332
678,2021-08-12 14:04:26,12,16,16,47.64839466666667,-122.33529766666666
679,2021-08-12 14:04:42,12,17,18,47.6483905,-122.33527983333332
680,2021-08-12 14:05:00,13,18,18,47.6483865,-122.33526816666668
681,2021-08-12 14:05:17,12,17,17,47.648387166666666,-122.335261
682,2021-08-12 14:05:35,12,18,18,47.64838366666667,-122.33523266666668
683,2021-08-12 14:05:53,11,17,17,47.648384166666666,-122.33522966666666
684,2021-08-12 14:06:10,13,16,17,47.64837533333333,-122.33518516666666
685,2021-08-12 14:06:27,15,18,18,47.64837966666666,-122.33519816666669
686,2021-08-12 14:06:44,14,19,19,47.648382833333336,-122.3352095
687,2021-08-12 14:07:03,14,18,19,47.648385833333336,-122.33523166666669
688,2021-08-12 14:07:20,13,16,17,47.6483905,-122.335235
689,2021-08-12 14:07:37,12,16,16,47.64839416666667,-122.335239
690,2021-08-12 14:07:54,12,15,15,47.64840083333333,-122.3352635
691,2021-08-12 14:08:11,11,15,15,47.6484065,-122.33527833333332
692,2021-08-12 14:08:29,13,16,16,47.6484085,-122.3353055
693,2021-08-12 14:08:46,12,17,17,47.64840466666666,-122.33530566666668
694,2021-08-12 14:09:03,12,17,17,47.64840083333333,-122.33530533333334
695,2021-08-12 14:09:21,13,19,20,47.64839483333333,-122.335274
696,2021-08-12 14:09:38,13,19,19,47.648399833333336,-122.3352855
697,2021-08-12 14:09:55,15,20,20,47.64840633333333,-122.33530066666668
698,2021-08-12 14:10:13,13,18,20,47.6484165,-122.3353515
699,2021-08-12 14:10:30,13,17,17,47.648419,-122.33538833333331
700,2021-08-12 14:10:47,14,18,18,47.648423,-122.33543616666668
701,2021-08-12 14:11:04,15,21,22,47.64842033333333,-122.3354465
702,2021-08-12 14:11:22,15,22,23,47.648411333333335,-122.33542916666669
703,2021-08-12 14:11:39,14,18,19,47.64840483333333,-122.33541533333332
704,2021-08-12 14:11:56,14,19,20,47.64840066666667,-122.3353875
705,2021-08-12 14:12:13,15,21,22,47.648394333333336,-122.33534466666669
706,2021-08-12 14:12:30,17,22,22,47.648384166666666,-122.33530116666668
707,2021-08-12 14:12:48,16,22,23,47.6483715,-122.33524983333334
708,2021-08-12 14:13:05,15,20,21,47.648366,-122.3352365
709,2021-08-12 14:13:22,15,19,22,47.64837266666667,-122.33526883333332
710,2021-08-12 14:13:39,14,18,20,47.648383,-122.33531466666666
711,2021-08-12 14:13:57,14,18,18,47.64838816666666,-122.33535333333332
712,2021-08-12 14:14:14,14,20,20,47.648395666666666,-122.33538616666668
713,2021-08-12 14:14:31,15,20,22,47.6483995,-122.335403
714,2021-08-12 14:14:48,16,21,22,47.6484025,-122.33542133333331
715,2021-08-12 14:15:06,16,22,22,47.64840183333333,-122.33541516666666
716,2021-08-12 14:15:22,15,22,22,47.64839766666667,-122.33539716666668
717,2021-08-12 14:15:40,16,20,22,47.6483915,-122.33538366666669
718,2021-08-12 14:15:57,14,18,18,47.64838866666667,-122.33538583333332
719,2021-08-12 14:16:14,17,25,25,47.64838616666667,-122.3353705
720,2021-08-12 14:16:31,16,20,21,47.648387666666665,-122.33537666666666
721,2021-08-12 14:16:49,17,25,25,47.648393,-122.33541883333334
722,2021-08-12 14:17:06,19,27,27,47.648388833333335,-122.33541766666669
723,2021-08-12 14:17:24,19,26,27,47.64838083333333,-122.33539316666666
724,2021-08-12 14:17:41,19,24,27,47.64837466666667,-122.33536683333334
725,2021-08-12 14:17:59,18,27,28,47.6483675,-122.33533666666666
726,2021-08-12 14:18:16,16,23,24,47.648360333333336,-122.335332
727,2021-08-12 14:18:33,17,24,27,47.648353166666666,-122.33533
728,2021-08-12 14:18:51,17,23,26,47.648343833333335,-122.33529333333334
729,2021-08-12 14:19:09,16,22,22,47.64834316666666,-122.33525566666668
730,2021-08-12 14:19:26,19,26,28,47.6483485,-122.33525883333331
731,2021-08-12 14:19:43,20,28,29,47.64835183333334,-122.33525233333332
732,2021-08-12 14:20:01,19,26,27,47.64836066666667,-122.33527083333334
733,2021-08-12 14:20:18,19,25,26,47.648370666666665,-122.33530166666668
734,2021-08-12 14:20:53,20,30,31,47.648382,-122.33532733333334
735,2021-08-12 14:21:11,20,26,26,47.648384,-122.3353205
736,2021-08-12 14:21:28,19,29,30,47.64838316666667,-122.335292
737,2021-08-12 14:21:45,19,26,27,47.648376,-122.33525166666666
738,2021-08-12 14:22:02,20,26,27,47.648373166666666,-122.33522166666668
739,2021-08-12 14:22:19,21,30,32,47.6483725,-122.3352
740,2021-08-12 14:22:37,19,28,30,47.648371,-122.33518583333333
741,2021-08-12 14:22:54,19,26,28,47.64836566666666,-122.33516416666669
742,2021-08-12 14:23:11,17,25,25,47.648364,-122.335165
743,2021-08-12 14:23:29,17,26,26,47.64836433333333,-122.33517316666666
744,2021-08-12 14:23:46,17,25,26,47.64836183333333,-122.335178
745,2021-08-12 14:24:03,16,19,20,47.6483595,-122.33516083333332
746,2021-08-12 14:24:21,16,21,21,47.64835716666666,-122.33514383333332
747,2021-08-12 14:24:38,16,21,21,47.648353166666666,-122.33513366666666
748,2021-08-12 14:24:55,17,24,26,47.648352,-122.3351465
749,2021-08-12 14:25:12,16,22,22,47.648357833333336,-122.33517983333331
750,2021-08-12 14:25:30,14,20,20,47.648363333333336,-122.33518966666666
751,2021-08-12 14:25:47,15,22,22,47.648370166666666,-122.33520883333334
752,2021-08-12 14:26:04,15,21,22,47.648376166666665,-122.33523183333334
753,2021-08-12 14:26:22,16,22,22,47.6483835,-122.33524733333331
754,2021-08-12 14:26:40,17,22,22,47.6483885,-122.33525466666669
755,2021-08-12 14:26:57,15,22,22,47.64839233333333,-122.33523666666666
756,2021-08-12 14:27:14,15,22,23,47.648391333333336,-122.33522716666668
757,2021-08-12 14:27:32,15,24,26,47.64838683333333,-122.33523466666666
758,2021-08-12 14:27:50,18,25,26,47.64839116666667,-122.33524083333332
759,2021-08-12 14:28:07,15,22,22,47.64839033333333,-122.33523533333332
760,2021-08-12 14:28:24,16,21,23,47.64839033333333,-122.33523966666668
761,2021-08-12 14:28:42,17,21,22,47.648396,-122.335303
762,2021-08-12 14:28:59,17,21,21,47.64841183333333,-122.335377
763,2021-08-12 14:29:17,17,22,23,47.648412,-122.33536866666668
764,2021-08-12 14:29:35,16,21,21,47.648405333333336,-122.33534566666668
765,2021-08-12 14:29:53,19,25,26,47.648406,-122.33530816666666
766,2021-08-12 14:30:10,19,26,26,47.64841366666667,-122.33525866666666
767,2021-08-12 14:30:27,18,24,25,47.648412666666665,-122.33523016666666
768,2021-08-12 14:30:44,18,22,22,47.648409666666666,-122.33529916666669
769,2021-08-12 14:31:02,18,23,23,47.6484015,-122.33531383333332
770,2021-08-12 14:31:19,16,21,22,47.64839033333333,-122.335307
771,2021-08-12 14:31:36,17,24,25,47.64837883333333,-122.33530533333334
772,2021-08-12 14:31:54,20,27,28,47.648376,-122.3353065
773,2021-08-12 14:32:11,19,27,27,47.64837233333333,-122.335303
774,2021-08-12 14:32:29,17,25,25,47.648369333333335,-122.33527516666666
775,2021-08-12 14:32:46,18,24,26,47.64837033333333,-122.3352955
776,2021-08-12 14:33:04,20,25,27,47.648370666666665,-122.33526666666668
777,2021-08-12 14:33:21,20,27,28,47.6483765,-122.33523283333334
778,2021-08-12 14:33:38,20,28,31,47.648384,-122.33523866666668
779,2021-08-12 14:33:56,18,26,27,47.6483875,-122.335288
780,2021-08-12 14:34:14,20,26,27,47.648392,-122.3353325
781,2021-08-12 14:34:32,20,28,28,47.6483885,-122.33532116666666
782,2021-08-12 14:34:50,20,27,28,47.64838983333333,-122.33539666666668
783,2021-08-12 14:35:08,19,28,29,47.648382,-122.335418
784,2021-08-12 14:35:25,18,26,27,47.64836866666667,-122.33536483333332
785,2021-08-12 14:35:42,19,29,29,47.64837216666667,-122.33533116666666
786,2021-08-12 14:35:59,20,27,27,47.6483765,-122.335331
787,2021-08-12 14:36:16,20,27,27,47.64838316666667,-122.33528433333332
788,2021-08-12 14:36:34,18,25,27,47.648382,-122.33528433333332
789,2021-08-12 14:36:51,20,29,29,47.648376,-122.33531983333332
790,2021-08-12 14:37:09,19,29,31,47.648379166666665,-122.33534216666666
791,2021-08-12 14:37:26,19,28,30,47.648395666666666,-122.3353015
792,2021-08-12 14:37:44,19,26,27,47.6484005,-122.33531316666668
793,2021-08-12 14:38:01,20,28,28,47.6483945,-122.33533933333334
794,2021-08-12 14:38:19,20,27,28,47.648396,-122.33533216666666
795,2021-08-12 14:38:37,20,27,28,47.64840466666666,-122.33532083333333
796,2021-08-12 14:38:54,18,27,27,47.648411,-122.335374
797,2021-08-12 14:39:12,20,28,28,47.6484085,-122.33536216666668
798,2021-08-12 14:39:30,20,27,30,47.648407166666665,-122.33532366666668
799,2021-08-12 14:39:47,20,27,29,47.6484175,-122.33530516666669
800,2021-08-12 14:40:04,18,28,30,47.64840466666666,-122.33530533333334
801,2021-08-12 14:40:22,20,27,29,47.6484115,-122.3353245
802,2021-08-12 14:40:39,20,30,30,47.648379,-122.3354035
803,2021-08-12 14:40:57,19,26,26,47.648388833333335,-122.33542183333331
804,2021-08-12 14:41:15,20,28,28,47.648415,-122.33536366666668
805,2021-08-12 14:41:32,21,28,28,47.648435,-122.3352645
806,2021-08-12 14:41:50,20,25,25,47.6484465,-122.33521416666666
807,2021-08-12 14:42:07,20,28,30,47.64843483333333,-122.335246
808,2021-08-12 14:42:25,21,28,28,47.64838983333333,-122.33532566666666
809,2021-08-12 14:42:42,20,26,26,47.64838083333333,-122.335363
810,2021-08-12 14:43:00,20,28,30,47.64839383333333,-122.33533483333332
811,2021-08-12 14:43:18,19,27,28,47.64840466666666,-122.33529316666667
812,2021-08-12 14:43:36,18,25,25,47.64837966666666,-122.33533683333332
813,2021-08-12 14:43:53,19,26,26,47.64838533333333,-122.33531066666669
814,2021-08-12 14:44:10,20,30,30,47.648384,-122.33530083333332
815,2021-08-12 14:44:28,20,28,28,47.64838516666666,-122.33529566666668
816,2021-08-12 14:44:45,20,25,25,47.64838433333333,-122.3353125
817,2021-08-12 14:45:03,19,26,26,47.64838533333333,-122.33535033333334
818,2021-08-12 14:45:21,20,29,29,47.648391833333335,-122.33537033333332
819,2021-08-12 14:45:39,22,31,32,47.648387166666666,-122.33536066666667
820,2021-08-12 14:45:56,20,29,30,47.648378666666666,-122.33532366666668
821,2021-08-12 14:46:13,18,27,28,47.648376,-122.33529216666666
822,2021-08-12 14:46:31,18,26,29,47.64837633333333,-122.33529483333334
823,2021-08-12 14:46:48,20,27,27,47.6483825,-122.3353305
824,2021-08-12 14:47:06,21,29,29,47.64839533333333,-122.33533616666666
825,2021-08-12 14:47:24,20,28,28,47.648404166666666,-122.33530483333334
826,2021-08-12 14:47:41,20,27,28,47.648366,-122.33534966666669
827,2021-08-12 14:47:58,20,29,30,47.64834866666666,-122.33539883333331
828,2021-08-12 14:48:16,18,25,27,47.648354,-122.33544466666666
829,2021-08-12 14:48:33,20,27,29,47.64839116666667,-122.3353885
830,2021-08-12 14:48:50,20,26,27,47.64839633333333,-122.33539683333332
831,2021-08-12 14:49:07,23,35,44,47.64838933333333,-122.33539733333332
832,2021-08-12 14:49:25,21,31,34,47.64838133333333,-122.33540233333332
833,2021-08-12 14:49:43,22,33,37,47.648378,-122.335415
834,2021-08-12 14:50:01,20,30,32,47.648373,-122.33541283333334
835,2021-08-12 14:50:18,20,30,35,47.64834866666666,-122.33537466666668
836,2021-08-12 14:50:36,21,30,34,47.64832716666667,-122.33542233333333
837,2021-08-12 14:50:53,20,30,36,47.64833516666667,-122.33542883333334
838,2021-08-12 14:51:10,21,35,40,47.64833683333333,-122.335387
839,2021-08-12 14:51:28,21,31,32,47.64833733333333,-122.3353435
840,2021-08-12 14:51:46,21,30,33,47.648327,-122.33531016666667
841,2021-08-12 14:52:03,20,29,30,47.64831566666667,-122.3352635
842,2021-08-12 14:52:20,18,26,27,47.64831266666667,-122.335239
843,2021-08-12 14:52:37,19,29,31,47.64832233333333,-122.3352345
844,2021-08-12 14:52:55,20,29,30,47.6483345,-122.33522633333334
845,2021-08-12 14:53:12,19,29,31,47.648331,-122.33510433333332
846,2021-08-12 14:53:29,18,27,28,47.648350666666666,-122.33520366666669
847,2021-08-12 14:53:48,21,32,37,47.64837216666667,-122.33539133333332
848,2021-08-12 14:54:05,20,29,31,47.64834666666667,-122.33529633333332
849,2021-08-12 14:54:22,20,30,31,47.6483705,-122.33548533333334
850,2021-08-12 14:54:39,20,28,29,47.648402833333336,-122.33567966666666
851,2021-08-12 14:54:58,20,29,32,47.64839116666667,-122.33557433333333
852,2021-08-12 14:55:15,20,28,29,47.6483715,-122.33544266666668
853,2021-08-12 14:55:32,20,27,27,47.648363833333335,-122.3354335
854,2021-08-12 14:55:50,20,29,29,47.648360833333335,-122.3353895
855,2021-08-12 14:56:08,20,30,30,47.64836583333334,-122.33535616666668
856,2021-08-12 14:56:44,21,28,29,47.64837833333333,-122.335398
857,2021-08-12 14:57:02,20,30,31,47.6483695,-122.33535316666666
858,2021-08-12 14:57:20,21,30,32,47.648355333333335,-122.33524683333331
859,2021-08-12 14:57:37,20,28,29,47.64834866666666,-122.33522783333332
860,2021-08-12 14:57:55,21,30,31,47.648353,-122.33529883333334
861,2021-08-12 14:58:13,21,29,30,47.648359166666665,-122.33529883333334
862,2021-08-12 14:58:30,20,30,32,47.648355,-122.33538133333332
863,2021-08-12 14:58:47,20,32,35,47.64838216666666,-122.33532666666666
864,2021-08-12 14:59:05,20,32,34,47.648349,-122.33542316666669
865,2021-08-12 14:59:22,21,29,31,47.64834366666667,-122.33553866666666
866,2021-08-12 14:59:40,21,30,30,47.64837816666667,-122.33587516666668
867,2021-08-12 14:59:57,22,31,32,47.64836433333333,-122.335473
868,2021-08-12 15:00:16,20,27,27,47.64833383333333,-122.33534933333334
869,2021-08-12 15:00:34,20,28,29,47.64833316666667,-122.3354925
870,2021-08-12 15:00:51,23,33,37,47.6483305,-122.33549833333332
871,2021-08-12 15:01:10,21,31,34,47.648354,-122.335454
872,2021-08-12 15:01:27,22,29,30,47.648344,-122.33550333333334
873,2021-08-12 15:01:44,21,27,28,47.6483755,-122.3355235
874,2021-08-12 15:02:01,20,28,28,47.648388,-122.33540166666668
875,2021-08-12 15:02:19,21,29,29,47.64839633333333,-122.33537
876,2021-08-12 15:02:37,22,29,30,47.6483855,-122.335322
877,2021-08-12 15:02:55,23,32,36,47.64838266666667,-122.3353295
878,2021-08-12 15:03:14,22,32,34,47.648399,-122.3354635
879,2021-08-12 15:03:31,22,32,34,47.6484095,-122.33552483333334
880,2021-08-12 15:03:49,22,31,32,47.648407166666665,-122.33548416666666
881,2021-08-12 15:04:08,21,28,28,47.64840083333333,-122.33543583333334
882,2021-08-12 15:04:43,21,30,31,47.64838433333333,-122.335359
883,2021-08-12 15:05:01,22,31,32,47.648368,-122.33530766666668
884,2021-08-12 15:05:20,22,31,33,47.64837383333333,-122.33534316666666
885,2021-08-12 15:05:56,20,27,28,47.6484005,-122.33534566666668
886,2021-08-12 15:06:14,20,30,32,47.648400333333335,-122.33531666666669
